State/Crop/District,Season,2000 - 2001,,,2001 - 2002,,,2002 - 2003,,,2003 - 2004,,,2004 - 2005,,,2005 - 2006,,,2006 - 2007,,,2007 - 2008,,,2008 - 2009,,,2009 - 2010,,,2010 - 2011,,,2011 - 2012,,,2012 - 2013,,,2013 - 2014,,,2014 - 2015,,,2015 - 2016,,,2016 - 2017,,,2017 - 2018,,,2018 - 2019,,,2019 - 2020,,,2020 - 2021,,,2021 - 2022,,,2022 - 2023,,
,,Area,Production,Yield,Area,Production,Yield,Area,Production,Yield,Area,Production,Yield,Area,Production,Yield,Area,Production,Yield,Area,Production,Yield,Area,Production,Yield,Area,Production,Yield,Area,Production,Yield,Area,Production,Yield,Area,Production,Yield,Area,Production,Yield,Area,Production,Yield,Area,Production,Yield,Area,Production,Yield,Area,Production,Yield,Area,Production,Yield,Area,Production,Yield,Area,Production,Yield,Area,Production,Yield,Area,Production,Yield,Area,Production,Yield
,,(Hectare),(Tonnes),(Ton./Ha.),(Hectare),(Tonnes),(Ton./Ha.),(Hectare),(Tonnes),(Ton./Ha.),(Hectare),(Tonnes),(Ton./Ha.),(Hectare),(Tonnes),(Ton./Ha.),(Hectare),(Tonnes),(Ton./Ha.),(Hectare),(Tonnes),(Ton./Ha.),(Hectare),(Tonnes),(Ton./Ha.),(Hectare),(Tonnes),(Ton./Ha.),(Hectare),(Tonnes),(Ton./Ha.),(Hectare),(Tonnes),(Ton./Ha.),(Hectare),(Tonnes),(Ton./Ha.),(Hectare),(Tonnes),(Ton./Ha.),(Hectare),(Tonnes),(Ton./Ha.),(Hectare),(Tonnes),(Ton./Ha.),(Hectare),(Tonnes),(Ton./Ha.),(Hectare),(Tonnes),(Ton./Ha.),(Hectare),(Tonnes),(Ton./Ha.),(Hectare),(Tonnes),(Ton./Ha.),(Hectare),(Tonnes),(Ton./Ha.),(Hectare),(Tonnes),(Ton./Ha.),(Hectare),(Tonnes),(Ton./Ha.),(Hectare),(Tonnes),(Ton./Ha.)
Bihar,,,,,,,,,,,,,,,,,,,,,,,,,,,,,,,,,,,,,,,,,,,,,,,,,,,,,,,,,,,,,,,,,,,,,,
1. Arhar/Tur,,,,,,,,,,,,,,,,,,,,,,,,,,,,,,,,,,,,,,,,,,,,,,,,,,,,,,,,,,,,,,,,,,,,,,
1. Buxar,Kharif,590,838,1.42,594,557,0.94,544,1023,1.88,537,1254,2.34,700,1167,1.67,1122,1365,1.22,838,422,0.5,703,974,1.39,405,360,0.89,423,439,1.04,412,597,1.45,337,845,2.51,341,451,1.32,403,965,2.39,345,689,2,302,479,1.59,324,565,1.74,186,1685,9.06,185,332,1.79,111,154,1.39,92,186,2.02,106,171,1.61,87,161,1.85
Total (Arhar/Tur),,590,838,1.42,594,557,0.94,544,1023,1.88,537,1254,2.34,700,1167,1.67,1122,1365,1.22,838,422,0.5,703,974,1.39,405,360,0.89,423,439,1.04,412,597,1.45,337,845,2.51,341,451,1.32,403,965,2.39,345,689,2,302,479,1.59,324,565,1.74,186,1685,9.06,185,332,1.79,111,154,1.39,92,186,2.02,106,171,1.61,87,161,1.85
2. Bajra,,,,,,,,,,,,,,,,,,,,,,,,,,,,,,,,,,,,,,,,,,,,,,,,,,,,,,,,,,,,,,,,,,,,,,
1. Buxar,Kharif,643,560,0.87,359,259,0.72,310,335,1.08,303,337,1.11,809,887,1.1,2389,2621,1.1,3064,3361,1.1,1639,1823,1.11,1214,1490,1.23,1553,1725,1.11,3371,3769,1.12,2953,3322,1.12,3185,3631,1.14,1904,2167,1.14,2912,3302,1.13,2836,3213,1.13,2548,2892,1.14,3299,3741,1.13,2651,3006,1.13,2721,3086,1.13,3264,3701,1.13,1788,2038,1.14,1859,2119,1.14
Total (Bajra),,643,560,0.87,359,259,0.72,310,335,1.08,303,337,1.11,809,887,1.1,2389,2621,1.1,3064,3361,1.1,1639,1823,1.11,1214,1490,1.23,1553,1725,1.11,3371,3769,1.12,2953,3322,1.12,3185,3631,1.14,1904,2167,1.14,2912,3302,1.13,2836,3213,1.13,2548,2892,1.14,3299,3741,1.13,2651,3006,1.13,2721,3086,1.13,3264,3701,1.13,1788,2038,1.14,1859,2119,1.14
3. Barley,,,,,,,,,,,,,,,,,,,,,,,,,,,,,,,,,,,,,,,,,,,,,,,,,,,,,,,,,,,,,,,,,,,,,,
1. Buxar,Rabi,1580,2582,1.63,1421,2646,1.86,1321,1877,1.42,1315,1861,1.42,1281,1610,1.26,1266,1213,0.96,1373,1546,1.13,1571,2993,1.91,1141,2056,1.8,1390,1657,1.19,1684,2763,1.64,1606,2912,1.81,1475,1965,1.33,1430,2106,1.47,1398,1264,0.9,1894,2400,1.27,1570,3272,2.08,1644,3059,1.86,6166,13664,2.22,1649,2351,1.43,1631,3730,2.29,1490,3628,2.43,1134,2781,2.45
Total (Barley),,1580,2582,1.63,1421,2646,1.86,1321,1877,1.42,1315,1861,1.42,1281,1610,1.26,1266,1213,0.96,1373,1546,1.13,1571,2993,1.91,1141,2056,1.8,1390,1657,1.19,1684,2763,1.64,1606,2912,1.81,1475,1965,1.33,1430,2106,1.47,1398,1264,0.9,1894,2400,1.27,1570,3272,2.08,1644,3059,1.86,6166,13664,2.22,1649,2351,1.43,1631,3730,2.29,1490,3628,2.43,1134,2781,2.45
4. Coriander,,,,,,,,,,,,,,,,,,,,,,,,,,,,,,,,,,,,,,,,,,,,,,,,,,,,,,,,,,,,,,,,,,,,,,
1. Buxar,Whole Year,7,4,0.57,9,5,0.56,6,4,0.67,6,4,0.67,,,,6,5,0.83,,,,7,5,0.71,,,,,,,,,,,,,,,,,,,,,,,,,,,,,,,,,,,,,,,,,,,,,
Total (Coriander),,7,4,0.57,9,5,0.56,6,4,0.67,6,4,0.67,,,0,6,5,0.83,,,0,7,5,0.71,,,0,,,0,,,0,,,0,,,0,,,0,,,0,,,0,,,0,,,0,,,0,,,0,,,0,,,0,,,0
5. Dry chillies,,,,,,,,,,,,,,,,,,,,,,,,,,,,,,,,,,,,,,,,,,,,,,,,,,,,,,,,,,,,,,,,,,,,,,
1. Buxar,Rabi,,,,,,,,,,,,,,,,,,,,,,,,,,,,,,,,,,,,,,,,,,,,,,,,,,,,,,,,,,,,,,,,,,,2,4,2
,Whole Year,2,4,2,4,6,1.5,2,1,0.5,3,3,1,,,,,,,,,,,,,,,,,,,,,,,,,,,,,,,,,,,,,,,,,,,,,,,,,,,,,,,,,
,Total,2,4,2,4,6,1.5,2,1,0.5,3,3,1,,,0,,,0,,,0,,,0,,,0,,,0,,,0,,,0,,,0,,,0,,,0,,,0,,,0,,,0,,,0,,,0,,,0,,,0,2,4,2
Total (Dry chillies),,2,4,2,4,6,1.5,2,1,0.5,3,3,1,,,0,,,0,,,0,,,0,,,0,,,0,,,0,,,0,,,0,,,0,,,0,,,0,,,0,,,0,,,0,,,0,,,0,,,0,2,4,2
6. Garlic,,,,,,,,,,,,,,,,,,,,,,,,,,,,,,,,,,,,,,,,,,,,,,,,,,,,,,,,,,,,,,,,,,,,,,
1. Buxar,Whole Year,2,3,1.5,3,4,1.33,2,3,1.5,1,2,2,,,,,,,,,,5,7,1.4,1,2,2,,,,,,,,,,,,,,,,,,,,,,56,111,1.98,78,154,1.97,68,134,1.97,,,,,,,,,,,,
Total (Garlic),,2,3,1.5,3,4,1.33,2,3,1.5,1,2,2,,,0,,,0,,,0,5,7,1.4,1,2,2,,,0,,,0,,,0,,,0,,,0,,,0,,,0,56,111,1.98,78,154,1.97,68,134,1.97,,,0,,,0,,,0,,,0
7. Gram,,,,,,,,,,,,,,,,,,,,,,,,,,,,,,,,,,,,,,,,,,,,,,,,,,,,,,,,,,,,,,,,,,,,,,
1. Buxar,Rabi,2292,2808,1.23,1893,1849,0.98,1618,1891,1.17,1571,1935,1.23,2777,3080,1.11,2025,2009,0.99,1852,1200,0.65,2158,2266,1.05,2778,3122,1.12,2352,2142,0.91,2048,2623,1.28,2226,3820,1.72,2571,2887,1.12,2434,2955,1.21,2552,1848,0.72,2183,2011,0.92,1878,2252,1.2,2178,2598,1.19,1726,2466,1.43,1796,1329,0.74,1685,2367,1.4,1853,2348,1.27,1787,2473,1.38
Total (Gram),,2292,2808,1.23,1893,1849,0.98,1618,1891,1.17,1571,1935,1.23,2777,3080,1.11,2025,2009,0.99,1852,1200,0.65,2158,2266,1.05,2778,3122,1.12,2352,2142,0.91,2048,2623,1.28,2226,3820,1.72,2571,2887,1.12,2434,2955,1.21,2552,1848,0.72,2183,2011,0.92,1878,2252,1.2,2178,2598,1.19,1726,2466,1.43,1796,1329,0.74,1685,2367,1.4,1853,2348,1.27,1787,2473,1.38
8. Horse-gram,,,,,,,,,,,,,,,,,,,,,,,,,,,,,,,,,,,,,,,,,,,,,,,,,,,,,,,,,,,,,,,,,,,,,,
1. Buxar,Kharif,,,,,,,,,,,,,,,,,,,,,,,,,,,,,,,,,,,,,,,,,,,,,,,,,3,3,1,,,,,,,,,,,,,,,,,,
Total (Horse-gram),,,,0,,,0,,,0,,,0,,,0,,,0,,,0,,,0,,,0,,,0,,,0,,,0,,,0,,,0,,,0,,,0,3,3,1,,,0,,,0,,,0,,,0,,,0,,,0
9. Jowar,,,,,,,,,,,,,,,,,,,,,,,,,,,,,,,,,,,,,,,,,,,,,,,,,,,,,,,,,,,,,,,,,,,,,,
1. Buxar,Kharif,633,579,0.91,557,585,1.05,571,591,1.04,522,527,1.01,927,946,1.02,2107,2151,1.02,1897,1937,1.02,844,938,1.11,432,441,1.02,418,433,1.04,1650,1749,1.06,1054,1123,1.07,1151,1233,1.07,601,640,1.06,740,790,1.07,548,583,1.06,944,1005,1.06,642,684,1.07,511,544,1.06,575,613,1.07,544,580,1.07,514,548,1.07,240,256,1.07
Total (Jowar),,633,579,0.91,557,585,1.05,571,591,1.04,522,527,1.01,927,946,1.02,2107,2151,1.02,1897,1937,1.02,844,938,1.11,432,441,1.02,418,433,1.04,1650,1749,1.06,1054,1123,1.07,1151,1233,1.07,601,640,1.06,740,790,1.07,548,583,1.06,944,1005,1.06,642,684,1.07,511,544,1.06,575,613,1.07,544,580,1.07,514,548,1.07,240,256,1.07
10. Jute,,,Bales,Bales/Hectare,,Bales,Bales/Hectare,,Bales,Bales/Hectare,,Bales,Bales/Hectare,,Bales,Bales/Hectare,,Bales,Bales/Hectare,,Bales,Bales/Hectare,,Bales,Bales/Hectare,,Bales,Bales/Hectare,,Bales,Bales/Hectare,,Bales,Bales/Hectare,,Bales,Bales/Hectare,,Bales,Bales/Hectare,,Bales,Bales/Hectare,,Bales,Bales/Hectare,,Bales,Bales/Hectare,,Bales,Bales/Hectare,,Bales,Bales/Hectare,,Bales,Bales/Hectare,,Bales,Bales/Hectare,,Bales,Bales/Hectare,,Bales,Bales/Hectare,,Bales,Bales/Hectare
1. Buxar,Kharif,,,,,,,,,,,,,,,,,,,,,,,,,3,24,8,,,,,,,,,,,,,,,,,,,,,,,,,,,,,,,,,,,,,,,,,,
Total (Jute),,,,0,,,0,,,0,,,0,,,0,,,0,,,0,,,0,3,24,8,,,0,,,0,,,0,,,0,,,0,,,0,,,0,,,0,,,0,,,0,,,0,,,0,,,0,,,0
11. Khesari,,,,,,,,,,,,,,,,,,,,,,,,,,,,,,,,,,,,,,,,,,,,,,,,,,,,,,,,,,,,,,,,,,,,,,
1. Buxar,Rabi,10135,7338,0.72,10266,15409,1.5,9722,7340,0.75,9352,9773,1.05,7606,5210,0.68,4211,4948,1.18,4110,3054,0.74,4487,3778,0.84,3132,3204,1.02,2914,5032,1.73,1991,2083,1.05,1825,2225,1.22,1873,2120,1.13,1836,2444,1.33,4965,2085,0.42,1636,1327,0.81,1291,1535,1.19,1037,1577,1.52,624,907,1.45,889,588,0.66,859,1204,1.4,981,1338,1.36,1016,1411,1.39
Total (Khesari),,10135,7338,0.72,10266,15409,1.5,9722,7340,0.75,9352,9773,1.05,7606,5210,0.68,4211,4948,1.18,4110,3054,0.74,4487,3778,0.84,3132,3204,1.02,2914,5032,1.73,1991,2083,1.05,1825,2225,1.22,1873,2120,1.13,1836,2444,1.33,4965,2085,0.42,1636,1327,0.81,1291,1535,1.19,1037,1577,1.52,624,907,1.45,889,588,0.66,859,1204,1.4,981,1338,1.36,1016,1411,1.39
12. Linseed,,,,,,,,,,,,,,,,,,,,,,,,,,,,,,,,,,,,,,,,,,,,,,,,,,,,,,,,,,,,,,,,,,,,,,
1. Buxar,Rabi,841,589,0.7,1098,911,0.83,770,629,0.82,716,565,0.79,592,561,0.95,899,767,0.85,787,671,0.85,1118,954,0.85,991,845,0.85,772,653,0.85,597,488,0.82,569,492,0.86,326,283,0.87,455,387,0.85,321,276,0.86,423,363,0.86,292,243,0.83,163,140,0.86,161,137,0.85,126,107,0.85,91,78,0.86,82,70,0.85,17,15,0.88
Total (Linseed),,841,589,0.7,1098,911,0.83,770,629,0.82,716,565,0.79,592,561,0.95,899,767,0.85,787,671,0.85,1118,954,0.85,991,845,0.85,772,653,0.85,597,488,0.82,569,492,0.86,326,283,0.87,455,387,0.85,321,276,0.86,423,363,0.86,292,243,0.83,163,140,0.86,161,137,0.85,126,107,0.85,91,78,0.86,82,70,0.85,17,15,0.88
13. Maize,,,,,,,,,,,,,,,,,,,,,,,,,,,,,,,,,,,,,,,,,,,,,,,,,,,,,,,,,,,,,,,,,,,,,,
1. Buxar,Autumn,,,,1295,2195,1.69,1216,1897,1.56,,,,,,,,,,,,,3786,4127,1.09,114,150,1.32,1500,1436,0.96,1847,2749,1.49,2101,4530,2.16,2399,7404,3.09,2093,2776,1.33,1317,1873,1.42,1111,1514,1.36,1022,1639,1.6,1099,2371,2.16,600,1131,1.89,978,1520,1.55,825,2200,2.67,579,1100,1.9,734,1859,2.53
,Kharif,1168,2396,2.05,,,,,,,1300,1599,1.23,3908,5026,1.29,3436,4287,1.25,4117,4408,1.07,,,,,,,,,,,,,,,,,,,,,,,,,,,,,,,,,,,,,,,,,,,,,,,,
,Rabi,11,17,1.55,11,16,1.45,15,32,2.13,12,31,2.58,,,,82,201,2.45,81,182,2.25,84,200,2.38,62,59,0.95,38,52,1.37,3,9,3,11,35,3.18,10,38,3.8,11,42,3.82,8,21,2.63,,,,,,,,,,,,,,,,,,,,,,,,
,Summer,15,38,2.53,16,33,2.06,16,37,2.31,142,413,2.91,134,358,2.67,87,206,2.37,88,265,3.01,101,294,2.91,104,333,3.2,26,81,3.12,29,116,4,27,119,4.41,19,119,6.26,27,130,4.81,34,132,3.88,41,154,3.76,254,1369,5.39,250,1224,4.9,,,,,,,,,,26,120,4.62,53,287,5.42
,Total,1194,2451,2.05,1322,2244,1.7,1247,1966,1.58,1454,2043,1.41,4042,5384,1.33,3605,4694,1.3,4286,4855,1.13,3971,4621,1.16,280,542,1.94,1564,1569,1,1879,2874,1.53,2139,4684,2.19,2428,7561,3.11,2131,2948,1.38,1359,2026,1.49,1152,1668,1.45,1276,3008,2.36,1349,3595,2.66,600,1131,1.89,978,1520,1.55,825,2200,2.67,605,1220,2.02,787,2146,2.73
Total (Maize),,1194,2451,2.05,1322,2244,1.7,1247,1966,1.58,1454,2043,1.41,4042,5384,1.33,3605,4694,1.3,4286,4855,1.13,3971,4621,1.16,280,542,1.94,1564,1569,1,1879,2874,1.53,2139,4684,2.19,2428,7561,3.11,2131,2948,1.38,1359,2026,1.49,1152,1668,1.45,1276,3008,2.36,1349,3595,2.66,600,1131,1.89,978,1520,1.55,825,2200,2.67,605,1220,2.02,787,2146,2.73
14. Masoor,,,,,,,,,,,,,,,,,,,,,,,,,,,,,,,,,,,,,,,,,,,,,,,,,,,,,,,,,,,,,,,,,,,,,,
1. Buxar,Rabi,9222,9941,1.08,9051,9911,1.1,8896,11885,1.34,8457,16432,1.94,8830,6614,0.75,5884,5978,1.02,6113,4420,0.72,5587,5827,1.04,4522,4508,1,4462,3146,0.71,3620,4054,1.12,3895,5297,1.36,3717,4156,1.12,3981,5625,1.41,3670,1688,0.46,3261,3062,0.94,2800,4001,1.43,3421,4105,1.2,2267,3167,1.4,2693,2039,0.76,2615,4061,1.55,2312,2994,1.29,2569,2507,0.98
Total (Masoor),,9222,9941,1.08,9051,9911,1.1,8896,11885,1.34,8457,16432,1.94,8830,6614,0.75,5884,5978,1.02,6113,4420,0.72,5587,5827,1.04,4522,4508,1,4462,3146,0.71,3620,4054,1.12,3895,5297,1.36,3717,4156,1.12,3981,5625,1.41,3670,1688,0.46,3261,3062,0.94,2800,4001,1.43,3421,4105,1.2,2267,3167,1.4,2693,2039,0.76,2615,4061,1.55,2312,2994,1.29,2569,2507,0.98
15. Moong(Green Gram),,,,,,,,,,,,,,,,,,,,,,,,,,,,,,,,,,,,,,,,,,,,,,,,,,,,,,,,,,,,,,,,,,,,,,
1. Buxar,Kharif,98,75,0.77,104,57,0.55,96,56,0.58,96,55,0.57,53,29,0.55,58,34,0.59,51,30,0.59,59,38,0.64,4,3,0.75,52,34,0.65,47,31,0.66,2,1,0.5,1,1,1,,,,,,,,,,3,2,0.67,,,,,,,,,,,,,,,,,,
,Summer,,,,,,,,,,,,,,,,15,9,0.6,15,8,0.53,,,,15,10,0.67,,,,,,,131,79,0.6,76,47,0.62,131,88,0.67,29,17,0.59,79,43,0.54,16,11,0.69,10,7,0.7,19,13,0.68,31,21,0.68,31,35,1.13,27,19,0.7,25,24,0.96
,Total,98,75,0.77,104,57,0.55,96,56,0.58,96,55,0.57,53,29,0.55,73,43,0.59,66,38,0.58,59,38,0.64,19,13,0.68,52,34,0.65,47,31,0.66,133,80,0.6,77,48,0.62,131,88,0.67,29,17,0.59,79,43,0.54,19,13,0.68,10,7,0.7,19,13,0.68,31,21,0.68,31,35,1.13,27,19,0.7,25,24,0.96
Total (Moong(Green Gram)),,98,75,0.77,104,57,0.55,96,56,0.58,96,55,0.57,53,29,0.55,73,43,0.59,66,38,0.58,59,38,0.64,19,13,0.68,52,34,0.65,47,31,0.66,133,80,0.6,77,48,0.62,131,88,0.67,29,17,0.59,79,43,0.54,19,13,0.68,10,7,0.7,19,13,0.68,31,21,0.68,31,35,1.13,27,19,0.7,25,24,0.96
16. Onion,,,,,,,,,,,,,,,,,,,,,,,,,,,,,,,,,,,,,,,,,,,,,,,,,,,,,,,,,,,,,,,,,,,,,,
1. Buxar,Rabi,,,,,,,,,,,,,,,,,,,,,,,,,,,,,,,,,,,,,,,,,,,,,,,,,565,6814,12.06,513,13404,26.13,436,6604,15.15,469,6255,13.34,430,5307,12.34,376,3634,9.66,322,3863,12
,Whole Year,174,2102,12.08,234,2476,10.58,134,1292,9.64,124,1586,12.79,203,1918,9.45,871,7438,8.54,,,,1071,10678,9.97,844,7216,8.55,,,,,,,,,,,,,,,,,,,,,,,,,,,,,,,,,,,,,,,,,,
,Total,174,2102,12.08,234,2476,10.58,134,1292,9.64,124,1586,12.79,203,1918,9.45,871,7438,8.54,,,0,1071,10678,9.97,844,7216,8.55,,,0,,,0,,,0,,,0,,,0,,,0,,,0,565,6814,12.06,513,13404,26.13,436,6604,15.15,469,6255,13.34,430,5307,12.34,376,3634,9.66,322,3863,12
Total (Onion),,174,2102,12.08,234,2476,10.58,134,1292,9.64,124,1586,12.79,203,1918,9.45,871,7438,8.54,,,0,1071,10678,9.97,844,7216,8.55,,,0,,,0,,,0,,,0,,,0,,,0,,,0,565,6814,12.06,513,13404,26.13,436,6604,15.15,469,6255,13.34,430,5307,12.34,376,3634,9.66,322,3863,12
17. Other Rabi pulses,,,,,,,,,,,,,,,,,,,,,,,,,,,,,,,,,,,,,,,,,,,,,,,,,,,,,,,,,,,,,,,,,,,,,,
1. Buxar,Rabi,,,,991,692,0.7,21,15,0.71,,,,,,,,,,,,,49,36,0.73,42,31,0.74,165,123,0.75,9,7,0.78,63,70,1.11,34,37,1.09,44,44,1,28,28,1,,,,50,50,1,35,35,1,31,31,1,42,42,1,,,,157,158,1.01,178,179,1.01
Total (Other Rabi pulses),,,,0,991,692,0.7,21,15,0.71,,,0,,,0,,,0,,,0,49,36,0.73,42,31,0.74,165,123,0.75,9,7,0.78,63,70,1.11,34,37,1.09,44,44,1,28,28,1,,,0,50,50,1,35,35,1,31,31,1,42,42,1,,,0,157,158,1.01,178,179,1.01
18. Other Kharif pulses,,,,,,,,,,,,,,,,,,,,,,,,,,,,,,,,,,,,,,,,,,,,,,,,,,,,,,,,,,,,,,,,,,,,,,
1. Buxar,Kharif,2,1,0.5,2,1,0.5,,,,,,,11,6,0.55,7,3,0.43,,,,,,,,,,,,,3,2,0.67,,,,,,,,,,3,3,1,,,,,,,32,32,1,32,32,1,26,26,1,,,,11,11,1,22,22,1
Total (Other Kharif pulses),,2,1,0.5,2,1,0.5,,,0,,,0,11,6,0.55,7,3,0.43,,,0,,,0,,,0,,,0,3,2,0.67,,,0,,,0,,,0,3,3,1,,,0,,,0,32,32,1,32,32,1,26,26,1,,,0,11,11,1,22,22,1
19. Peas & beans (Pulses),,,,,,,,,,,,,,,,,,,,,,,,,,,,,,,,,,,,,,,,,,,,,,,,,,,,,,,,,,,,,,,,,,,,,,
1. Buxar,Rabi,716,689,0.96,723,711,0.98,617,536,0.87,556,523,0.94,902,777,0.86,945,864,0.91,794,736,0.93,1090,1010,0.93,698,671,0.96,811,812,1,767,794,1.04,852,878,1.03,862,897,1.04,909,1136,1.25,734,741,1.01,808,851,1.05,773,853,1.1,816,841,1.03,767,815,1.06,715,762,1.07,621,654,1.05,539,572,1.06,485,514,1.06
Total (Peas & beans (Pulses)),,716,689,0.96,723,711,0.98,617,536,0.87,556,523,0.94,902,777,0.86,945,864,0.91,794,736,0.93,1090,1010,0.93,698,671,0.96,811,812,1,767,794,1.04,852,878,1.03,862,897,1.04,909,1136,1.25,734,741,1.01,808,851,1.05,773,853,1.1,816,841,1.03,767,815,1.06,715,762,1.07,621,654,1.05,539,572,1.06,485,514,1.06
20. Potato,,,,,,,,,,,,,,,,,,,,,,,,,,,,,,,,,,,,,,,,,,,,,,,,,,,,,,,,,,,,,,,,,,,,,,
1. Buxar,Kharif,,,,,,,,,,,,,,,,,,,,,,,,,1788,22958,12.84,,,,,,,,,,,,,,,,,,,,,,,,,,,,,,,,,,,,,,,,,,
,Rabi,,,,,,,,,,,,,,,,,,,,,,,,,1237,7509,6.07,,,,,,,,,,,,,,,,,,,,,,1768,37464,21.19,1031,26083,25.3,1012,18972,18.75,1201,22137,18.43,1003,33014,32.92,1030,18887,18.34,949,20128,21.21
,Winter,,,,,,,,,,,,,,,,,,,,,,,,,,,,,,,,,,,,,,,,,,,,,,,,,1879,38707,20.6,2178,44257,20.32,1770,51472,29.08,1313,23968,18.25,1544,21684,14.04,1207,17574,14.56,1046,13356,12.77
,Whole Year,1993,23376,11.73,1925,18883,9.81,1781,16520,9.28,1737,20627,11.88,2132,18412,8.64,2705,24332,9,,,,3462,27223,7.86,,,,,,,,,,,,,,,,,,,,,,,,,,,,,,,,,,,,,,,,,,,,,
,Total,1993,23376,11.73,1925,18883,9.81,1781,16520,9.28,1737,20627,11.88,2132,18412,8.64,2705,24332,9,,,0,3462,27223,7.86,3025,30467,10.07,,,0,,,0,,,0,,,0,,,0,,,0,,,0,3647,76171,20.89,3209,70340,21.92,2782,70444,25.32,2514,46105,18.34,2547,54698,21.48,2237,36461,16.3,1995,33484,16.78
Total (Potato),,1993,23376,11.73,1925,18883,9.81,1781,16520,9.28,1737,20627,11.88,2132,18412,8.64,2705,24332,9,,,0,3462,27223,7.86,3025,30467,10.07,,,0,,,0,,,0,,,0,,,0,,,0,,,0,3647,76171,20.89,3209,70340,21.92,2782,70444,25.32,2514,46105,18.34,2547,54698,21.48,2237,36461,16.3,1995,33484,16.78
21. Ragi,,,,,,,,,,,,,,,,,,,,,,,,,,,,,,,,,,,,,,,,,,,,,,,,,,,,,,,,,,,,,,,,,,,,,,
1. Buxar,Kharif,,,,,,,,,,,,,,,,,,,12,10,0.83,,,,,,,,,,,,,,,,,,,,,,,,,,,,,,,,,,,,,,,,,,,,,,,,
Total (Ragi),,,,0,,,0,,,0,,,0,,,0,,,0,12,10,0.83,,,0,,,0,,,0,,,0,,,0,,,0,,,0,,,0,,,0,,,0,,,0,,,0,,,0,,,0,,,0,,,0
22. Rapeseed &Mustard,,,,,,,,,,,,,,,,,,,,,,,,,,,,,,,,,,,,,,,,,,,,,,,,,,,,,,,,,,,,,,,,,,,,,,
1. Buxar,Rabi,1197,700,0.58,2890,2063,0.71,839,665,0.79,753,611,0.81,786,1164,1.48,1328,1056,0.8,1089,845,0.78,1275,895,0.7,1115,792,0.71,1369,1754,1.28,1346,870,0.65,1231,2009,1.63,1396,1836,1.32,1760,1658,0.94,1267,982,0.78,1921,2313,1.2,1809,2015,1.11,1805,2041,1.13,1703,2314,1.36,1534,1813,1.18,1543,2725,1.77,1363,2614,1.92,1218,2043,1.68
Total (Rapeseed &Mustard),,1197,700,0.58,2890,2063,0.71,839,665,0.79,753,611,0.81,786,1164,1.48,1328,1056,0.8,1089,845,0.78,1275,895,0.7,1115,792,0.71,1369,1754,1.28,1346,870,0.65,1231,2009,1.63,1396,1836,1.32,1760,1658,0.94,1267,982,0.78,1921,2313,1.2,1809,2015,1.11,1805,2041,1.13,1703,2314,1.36,1534,1813,1.18,1543,2725,1.77,1363,2614,1.92,1218,2043,1.68
23. Rice,,,,,,,,,,,,,,,,,,,,,,,,,,,,,,,,,,,,,,,,,,,,,,,,,,,,,,,,,,,,,,,,,,,,,,
1. Buxar,Autumn,84153,225068,2.67,73347,183073,2.5,,,,5,6,1.2,,,,,,,79,75,0.95,,,,,,,,,,,,,6,9,1.5,,,,2,3,1.5,2,3,1.5,3,3,1,,,,,,,,,,,,,,,,,,,,,
,Winter,,,,,,,67949,170384,2.51,67873,154414,2.28,58545,22366,0.38,78344,183080,2.34,82457,186996,2.27,86540,247613,2.86,76664,180533,2.35,62254,95620,1.54,54724,95829,1.75,73252,258125,3.52,72105,253840,3.52,81390,250241,3.07,82231,228890,2.78,83814,258639,3.09,87780,284336,3.24,87481,306029,3.5,87515,199289,2.28,84276,269501,3.2,78492,254525,3.24,88366,318056,3.6,83059,304725,3.67
,Total,84153,225068,2.67,73347,183073,2.5,67949,170384,2.51,67878,154420,2.27,58545,22366,0.38,78344,183080,2.34,82536,187071,2.27,86540,247613,2.86,76664,180533,2.35,62254,95620,1.54,54724,95829,1.75,73258,258134,3.52,72105,253840,3.52,81392,250244,3.07,82233,228893,2.78,83817,258642,3.09,87780,284336,3.24,87481,306029,3.5,87515,199289,2.28,84276,269501,3.2,78492,254525,3.24,88366,318056,3.6,83059,304725,3.67
Total (Rice),,84153,225068,2.67,73347,183073,2.5,67949,170384,2.51,67878,154420,2.27,58545,22366,0.38,78344,183080,2.34,82536,187071,2.27,86540,247613,2.86,76664,180533,2.35,62254,95620,1.54,54724,95829,1.75,73258,258134,3.52,72105,253840,3.52,81392,250244,3.07,82233,228893,2.78,83817,258642,3.09,87780,284336,3.24,87481,306029,3.5,87515,199289,2.28,84276,269501,3.2,78492,254525,3.24,88366,318056,3.6,83059,304725,3.67
24. Safflower,,,,,,,,,,,,,,,,,,,,,,,,,,,,,,,,,,,,,,,,,,,,,,,,,,,,,,,,,,,,,,,,,,,,,,
1. Buxar,Rabi,69,55,0.8,71,59,0.83,2,2,1,2,2,1,,,,,,,,,,,,,,,,,,,,,,,,,,,,,,,,,,,,,,,,,,,,,,,,,,,,,,,,,
Total (Safflower),,69,55,0.8,71,59,0.83,2,2,1,2,2,1,,,0,,,0,,,0,,,0,,,0,,,0,,,0,,,0,,,0,,,0,,,0,,,0,,,0,,,0,,,0,,,0,,,0,,,0,,,0
25. Sannhamp,,,,,,,,,,,,,,,,,,,,,,,,,,,,,,,,,,,,,,,,,,,,,,,,,,,,,,,,,,,,,,,,,,,,,,
1. Buxar,Kharif,,,,,,,,,,,,,,,,,,,4,2,0.5,5,16.66,3.33,,,,4,3,0.75,,,,,,,,,,,,,,,,,,,,,,,,,,,,,,,,,,,,,,,
Total (Sannhamp),,,,0,,,0,,,0,,,0,,,0,,,0,4,2,0.5,5,16.66,3.33,,,0,4,3,0.75,,,0,,,0,,,0,,,0,,,0,,,0,,,0,,,0,,,0,,,0,,,0,,,0,,,0
26. Sesamum,,,,,,,,,,,,,,,,,,,,,,,,,,,,,,,,,,,,,,,,,,,,,,,,,,,,,,,,,,,,,,,,,,,,,,
1. Buxar,Kharif,,,,,,,,,,,,,2,2,1,,,,,,,,,,,,,,,,,,,,,,,,,,,,,,,,,,,,,,,,,,,,,,,,,,,,,,
Total (Sesamum),,,,0,,,0,,,0,,,0,2,2,1,,,0,,,0,,,0,,,0,,,0,,,0,,,0,,,0,,,0,,,0,,,0,,,0,,,0,,,0,,,0,,,0,,,0,,,0
27. Small millets,,,,,,,,,,,,,,,,,,,,,,,,,,,,,,,,,,,,,,,,,,,,,,,,,,,,,,,,,,,,,,,,,,,,,,
1. Buxar,Kharif,,,,,,,2,1,0.5,1,1,1,,,,16,12,0.75,,,,,,,10,8,0.8,,,,,,,,,,,,,217,163,0.75,235,176,0.75,,,,,,,,,,,,,658,494,0.75,810,608,0.75,682,514,0.75,636,478,0.75
Total (Small millets),,,,0,,,0,2,1,0.5,1,1,1,,,0,16,12,0.75,,,0,,,0,10,8,0.8,,,0,,,0,,,0,,,0,217,163,0.75,235,176,0.75,,,0,,,0,,,0,,,0,658,494,0.75,810,608,0.75,682,514,0.75,636,478,0.75
28. Sugarcane,,,,,,,,,,,,,,,,,,,,,,,,,,,,,,,,,,,,,,,,,,,,,,,,,,,,,,,,,,,,,,,,,,,,,,
1. Buxar,Whole Year,330,7617,23.08,485,17969,37.05,524,16737,31.94,521,17915,34.39,379,15885,41.91,370,15580,42.11,,,,572,29592,51.73,416,20510,49.3,233,6690,28.71,502,12428,24.76,,,,698,25726,36.86,611,36025,58.96,590,39315,66.64,392,17102,43.63,162,8695,53.67,117,7540,64.44,6,354,59,63,3817,60.59,7,384,54.86,39,2233,57.26,29,2136,73.66
Total (Sugarcane),,330,7617,23.08,485,17969,37.05,524,16737,31.94,521,17915,34.39,379,15885,41.91,370,15580,42.11,,,0,572,29592,51.73,416,20510,49.3,233,6690,28.71,502,12428,24.76,,,0,698,25726,36.86,611,36025,58.96,590,39315,66.64,392,17102,43.63,162,8695,53.67,117,7540,64.44,6,354,59,63,3817,60.59,7,384,54.86,39,2233,57.26,29,2136,73.66
29. Sunflower,,,,,,,,,,,,,,,,,,,,,,,,,,,,,,,,,,,,,,,,,,,,,,,,,,,,,,,,,,,,,,,,,,,,,,
1. Buxar,Kharif,53,82,1.55,35,40,1.14,34,45,1.32,29,36,1.24,28,41,1.46,,,,,,,,,,,,,,,,,,,,,,,,,,,,,,,,,,,,,,,,,,,,,,,,,,,,,,
,Rabi,,,,,,,,,,,,,,,,,,,,,,,,,,,,3,4,1.33,,,,3,4,1.33,2,3,1.5,3,4,1.33,1,1,1,2,3,1.5,2,3,1.5,,,,,,,,,,,,,,,,,,
,Total,53,82,1.55,35,40,1.14,34,45,1.32,29,36,1.24,28,41,1.46,,,0,,,0,,,0,,,0,3,4,1.33,,,0,3,4,1.33,2,3,1.5,3,4,1.33,1,1,1,2,3,1.5,2,3,1.5,,,0,,,0,,,0,,,0,,,0,,,0
Total (Sunflower),,53,82,1.55,35,40,1.14,34,45,1.32,29,36,1.24,28,41,1.46,,,0,,,0,,,0,,,0,3,4,1.33,,,0,3,4,1.33,2,3,1.5,3,4,1.33,1,1,1,2,3,1.5,2,3,1.5,,,0,,,0,,,0,,,0,,,0,,,0
30. Sweet potato,,,,,,,,,,,,,,,,,,,,,,,,,,,,,,,,,,,,,,,,,,,,,,,,,,,,,,,,,,,,,,,,,,,,,,
1. Buxar,Whole Year,7,85,12.14,12,124,10.33,,,,,,,,,,,,,,,,,,,,,,,,,,,,,,,,,,,,,,,,,,,,,,,,,,,,,,,,,,,,,,,
Total (Sweet potato),,7,85,12.14,12,124,10.33,,,0,,,0,,,0,,,0,,,0,,,0,,,0,,,0,,,0,,,0,,,0,,,0,,,0,,,0,,,0,,,0,,,0,,,0,,,0,,,0,,,0
31. Urad,,,,,,,,,,,,,,,,,,,,,,,,,,,,,,,,,,,,,,,,,,,,,,,,,,,,,,,,,,,,,,,,,,,,,,
1. Buxar,Kharif,,,,,,,,,,,,,216,160,0.74,279,286,1.03,298,231,0.78,183,162,0.89,11,9,0.82,141,140,0.99,6,5,0.83,,,,,,,,,,,,,,,,5,4,0.8,,,,,,,,,,,,,,,,,,
Total (Urad),,,,0,,,0,,,0,,,0,216,160,0.74,279,286,1.03,298,231,0.78,183,162,0.89,11,9,0.82,141,140,0.99,6,5,0.83,,,0,,,0,,,0,,,0,,,0,5,4,0.8,,,0,,,0,,,0,,,0,,,0,,,0
32. Wheat,,,,,,,,,,,,,,,,,,,,,,,,,,,,,,,,,,,,,,,,,,,,,,,,,,,,,,,,,,,,,,,,,,,,,,
1. Buxar,Rabi,45742,131621,2.88,46633,113817,2.44,46647,127040,2.72,45684,126276,2.76,65969,123090,1.87,62194,121865,1.96,60699,123162,2.03,82686,245100,2.96,77606,221389,2.85,76182,171685,2.25,82831,242903,2.93,81678,248254,3.04,80302,218296,2.72,76680,229524,2.99,79483,125280,1.58,90524,245576,2.71,82733,278859,3.37,78758,272226,3.46,80116,265500,3.31,84574,231773,2.74,77206,259165,3.36,85163,305883,3.59,84307,283791,3.37
Total (Wheat),,45742,131621,2.88,46633,113817,2.44,46647,127040,2.72,45684,126276,2.76,65969,123090,1.87,62194,121865,1.96,60699,123162,2.03,82686,245100,2.96,77606,221389,2.85,76182,171685,2.25,82831,242903,2.93,81678,248254,3.04,80302,218296,2.72,76680,229524,2.99,79483,125280,1.58,90524,245576,2.71,82733,278859,3.37,78758,272226,3.46,80116,265500,3.31,84574,231773,2.74,77206,259165,3.36,85163,305883,3.59,84307,283791,3.37
